{"spot_diameter_fullres": 54.37959101469902, "tissue_hires_scalef": 0.28401023, "fiducial_diameter_fullres": 87.84395471605225, "tissue_lowres_scalef": 0.08520307}